feature,PC,abs_loading,family
Hips_LeftUpLeg_LeftLeg_Angle_CV,PC1,0.09950590738671924,CV
Hips_LeftUpLeg_LeftLeg_Angle_STD,PC1,0.16767598248676716,STD
Hips_LeftUpLeg_LeftLeg_Angle_ZeroCross,PC1,0.24835053168850701,ZeroCross
Hips_RightUpLeg_RightLeg_Angle_CV,PC1,0.04694356971072675,CV
Hips_RightUpLeg_RightLeg_Angle_STD,PC1,0.21040935883102782,STD
Hips_RightUpLeg_RightLeg_Angle_ZeroCross,PC1,0.24059830371418467,ZeroCross
Hips_Spine1_Spine3_Angle_CV,PC1,0.012960439519018702,CV
Hips_Spine1_Spine3_Angle_STD,PC1,0.1021742553433854,STD
Hips_Spine1_Spine3_Angle_ZeroCross,PC1,0.26544395411748417,ZeroCross
LeftShoulder_LeftArm_LeftForeArm_Angle_CV,PC1,0.07623114457705502,CV
LeftShoulder_LeftArm_LeftForeArm_Angle_STD,PC1,0.2653187065743251,STD
LeftShoulder_LeftArm_LeftForeArm_Angle_ZeroCross,PC1,0.243338364502095,ZeroCross
LeftUpLeg_LeftLeg_LeftFoot_Angle_CV,PC1,0.17471552348276162,CV
LeftUpLeg_LeftLeg_LeftFoot_Angle_STD,PC1,0.2632098676683308,STD
LeftUpLeg_LeftLeg_LeftFoot_Angle_ZeroCross,PC1,0.1032188410725206,ZeroCross
RightShoulder_RightArm_RightForeArm_Angle_CV,PC1,0.11192171293480672,CV
RightShoulder_RightArm_RightForeArm_Angle_STD,PC1,0.2142707380782186,STD
RightShoulder_RightArm_RightForeArm_Angle_ZeroCross,PC1,0.26692522490124243,ZeroCross
RightUpLeg_RightLeg_RightFoot_Angle_CV,PC1,0.0795486060467164,CV
RightUpLeg_RightLeg_RightFoot_Angle_STD,PC1,0.2203164094717414,STD
RightUpLeg_RightLeg_RightFoot_Angle_ZeroCross,PC1,0.16261593103757224,ZeroCross
Spine1_Spine3_Head_Angle_CV,PC1,0.10209495408158994,CV
Spine1_Spine3_Head_Angle_STD,PC1,0.007443987894772126,STD
Spine1_Spine3_Head_Angle_ZeroCross,PC1,0.2909904515250699,ZeroCross
Spine3_LeftShoulder_LeftArm_Angle_CV,PC1,0.03463076430570425,CV
Spine3_LeftShoulder_LeftArm_Angle_STD,PC1,0.15751442972420251,STD
Spine3_LeftShoulder_LeftArm_Angle_ZeroCross,PC1,0.24803583134332632,ZeroCross
Spine3_RightShoulder_RightArm_Angle_CV,PC1,0.07603887783981617,CV
Spine3_RightShoulder_RightArm_Angle_STD,PC1,0.16834992806241736,STD
Spine3_RightShoulder_RightArm_Angle_ZeroCross,PC1,0.20294749661284564,ZeroCross
Hips_LeftUpLeg_LeftLeg_Angle_CV,PC2,0.2547089005752248,CV
Hips_LeftUpLeg_LeftLeg_Angle_STD,PC2,0.25435417018530854,STD
Hips_LeftUpLeg_LeftLeg_Angle_ZeroCross,PC2,0.09381175367865006,ZeroCross
Hips_RightUpLeg_RightLeg_Angle_CV,PC2,0.2781162546185711,CV
Hips_RightUpLeg_RightLeg_Angle_STD,PC2,0.2048005754129848,STD
Hips_RightUpLeg_RightLeg_Angle_ZeroCross,PC2,0.15510168337088723,ZeroCross
Hips_Spine1_Spine3_Angle_CV,PC2,0.18432645438371412,CV
Hips_Spine1_Spine3_Angle_STD,PC2,0.2667800700073047,STD
Hips_Spine1_Spine3_Angle_ZeroCross,PC2,0.10595166309400503,ZeroCross
LeftShoulder_LeftArm_LeftForeArm_Angle_CV,PC2,0.23481749732571583,CV
LeftShoulder_LeftArm_LeftForeArm_Angle_STD,PC2,0.08298601808022858,STD
LeftShoulder_LeftArm_LeftForeArm_Angle_ZeroCross,PC2,0.09533500387238109,ZeroCross
LeftUpLeg_LeftLeg_LeftFoot_Angle_CV,PC2,0.09627610563045447,CV
LeftUpLeg_LeftLeg_LeftFoot_Angle_STD,PC2,0.07785994918691215,STD
LeftUpLeg_LeftLeg_LeftFoot_Angle_ZeroCross,PC2,0.2607788834565211,ZeroCross
RightShoulder_RightArm_RightForeArm_Angle_CV,PC2,0.18540730268163555,CV
RightShoulder_RightArm_RightForeArm_Angle_STD,PC2,0.07336611873724697,STD
RightShoulder_RightArm_RightForeArm_Angle_ZeroCross,PC2,0.11055784960982487,ZeroCross
RightUpLeg_RightLeg_RightFoot_Angle_CV,PC2,0.049870147352428736,CV
RightUpLeg_RightLeg_RightFoot_Angle_STD,PC2,0.10846174438031882,STD
RightUpLeg_RightLeg_RightFoot_Angle_ZeroCross,PC2,0.21782847863330665,ZeroCross
Spine1_Spine3_Head_Angle_CV,PC2,0.07046845121101723,CV
Spine1_Spine3_Head_Angle_STD,PC2,0.234080096023132,STD
Spine1_Spine3_Head_Angle_ZeroCross,PC2,0.029625473948420977,ZeroCross
Spine3_LeftShoulder_LeftArm_Angle_CV,PC2,0.2721134650017049,CV
Spine3_LeftShoulder_LeftArm_Angle_STD,PC2,0.1759728269482245,STD
Spine3_LeftShoulder_LeftArm_Angle_ZeroCross,PC2,0.140707974595794,ZeroCross
Spine3_RightShoulder_RightArm_Angle_CV,PC2,0.2451921655149811,CV
Spine3_RightShoulder_RightArm_Angle_STD,PC2,0.20453128643759014,STD
Spine3_RightShoulder_RightArm_Angle_ZeroCross,PC2,0.21533973945000295,ZeroCross
Hips_LeftUpLeg_LeftLeg_Angle_CV,PC3,0.157345390130898,CV
Hips_LeftUpLeg_LeftLeg_Angle_STD,PC3,0.04083633819895143,STD
Hips_LeftUpLeg_LeftLeg_Angle_ZeroCross,PC3,0.11414394997023906,ZeroCross
Hips_RightUpLeg_RightLeg_Angle_CV,PC3,0.23809360057788087,CV
Hips_RightUpLeg_RightLeg_Angle_STD,PC3,0.005466869201962517,STD
Hips_RightUpLeg_RightLeg_Angle_ZeroCross,PC3,0.17964579911337666,ZeroCross
Hips_Spine1_Spine3_Angle_CV,PC3,0.30877366200542133,CV
Hips_Spine1_Spine3_Angle_STD,PC3,0.07413745964662984,STD
Hips_Spine1_Spine3_Angle_ZeroCross,PC3,0.05724081996828532,ZeroCross
LeftShoulder_LeftArm_LeftForeArm_Angle_CV,PC3,0.19828543025584633,CV
LeftShoulder_LeftArm_LeftForeArm_Angle_STD,PC3,0.06757115591420655,STD
LeftShoulder_LeftArm_LeftForeArm_Angle_ZeroCross,PC3,0.12093051466206725,ZeroCross
LeftUpLeg_LeftLeg_LeftFoot_Angle_CV,PC3,0.3484493813907876,CV
LeftUpLeg_LeftLeg_LeftFoot_Angle_STD,PC3,0.04111623462231975,STD
LeftUpLeg_LeftLeg_LeftFoot_Angle_ZeroCross,PC3,0.10588062012190776,ZeroCross
RightShoulder_RightArm_RightForeArm_Angle_CV,PC3,0.3308916029619845,CV
RightShoulder_RightArm_RightForeArm_Angle_STD,PC3,0.15232487374092826,STD
RightShoulder_RightArm_RightForeArm_Angle_ZeroCross,PC3,0.03610040120699081,ZeroCross
RightUpLeg_RightLeg_RightFoot_Angle_CV,PC3,0.3965197193873112,CV
RightUpLeg_RightLeg_RightFoot_Angle_STD,PC3,0.012500346861158307,STD
RightUpLeg_RightLeg_RightFoot_Angle_ZeroCross,PC3,0.08183303168790373,ZeroCross
Spine1_Spine3_Head_Angle_CV,PC3,0.15895255202523165,CV
Spine1_Spine3_Head_Angle_STD,PC3,0.19657726923656382,STD
Spine1_Spine3_Head_Angle_ZeroCross,PC3,0.00907778368459056,ZeroCross
Spine3_LeftShoulder_LeftArm_Angle_CV,PC3,0.16845132996045425,CV
Spine3_LeftShoulder_LeftArm_Angle_STD,PC3,0.34531873284832937,STD
Spine3_LeftShoulder_LeftArm_Angle_ZeroCross,PC3,0.0620253280696537,ZeroCross
Spine3_RightShoulder_RightArm_Angle_CV,PC3,0.02267624650418319,CV
Spine3_RightShoulder_RightArm_Angle_STD,PC3,0.24532781918757998,STD
Spine3_RightShoulder_RightArm_Angle_ZeroCross,PC3,0.019504395686914484,ZeroCross
Hips_LeftUpLeg_LeftLeg_Angle_CV,PC4,0.19465557822324375,CV
Hips_LeftUpLeg_LeftLeg_Angle_STD,PC4,0.007443140377389326,STD
Hips_LeftUpLeg_LeftLeg_Angle_ZeroCross,PC4,0.16532117307390976,ZeroCross
Hips_RightUpLeg_RightLeg_Angle_CV,PC4,0.07686427164021238,CV
Hips_RightUpLeg_RightLeg_Angle_STD,PC4,0.024259412463258474,STD
Hips_RightUpLeg_RightLeg_Angle_ZeroCross,PC4,0.06277162370164448,ZeroCross
Hips_Spine1_Spine3_Angle_CV,PC4,0.4174278384147855,CV
Hips_Spine1_Spine3_Angle_STD,PC4,0.1352616959650242,STD
Hips_Spine1_Spine3_Angle_ZeroCross,PC4,0.039278244579899764,ZeroCross
LeftShoulder_LeftArm_LeftForeArm_Angle_CV,PC4,0.05428566828245621,CV
LeftShoulder_LeftArm_LeftForeArm_Angle_STD,PC4,0.06582070828040572,STD
LeftShoulder_LeftArm_LeftForeArm_Angle_ZeroCross,PC4,0.11660559910198874,ZeroCross
LeftUpLeg_LeftLeg_LeftFoot_Angle_CV,PC4,0.13297565315403334,CV
LeftUpLeg_LeftLeg_LeftFoot_Angle_STD,PC4,0.11944434576224595,STD
LeftUpLeg_LeftLeg_LeftFoot_Angle_ZeroCross,PC4,0.23261066036752132,ZeroCross
RightShoulder_RightArm_RightForeArm_Angle_CV,PC4,0.08858548216807806,CV
RightShoulder_RightArm_RightForeArm_Angle_STD,PC4,0.03651882028469266,STD
RightShoulder_RightArm_RightForeArm_Angle_ZeroCross,PC4,0.007989901201486892,ZeroCross
RightUpLeg_RightLeg_RightFoot_Angle_CV,PC4,0.14069485861612205,CV
RightUpLeg_RightLeg_RightFoot_Angle_STD,PC4,0.04803338288825817,STD
RightUpLeg_RightLeg_RightFoot_Angle_ZeroCross,PC4,0.22977093916948346,ZeroCross
Spine1_Spine3_Head_Angle_CV,PC4,0.6244791255475282,CV
Spine1_Spine3_Head_Angle_STD,PC4,0.287463050771039,STD
Spine1_Spine3_Head_Angle_ZeroCross,PC4,0.057964261563759736,ZeroCross
Spine3_LeftShoulder_LeftArm_Angle_CV,PC4,0.02296390732589188,CV
Spine3_LeftShoulder_LeftArm_Angle_STD,PC4,0.14600205866818675,STD
Spine3_LeftShoulder_LeftArm_Angle_ZeroCross,PC4,0.05448302114378198,ZeroCross
Spine3_RightShoulder_RightArm_Angle_CV,PC4,0.1157274870782226,CV
Spine3_RightShoulder_RightArm_Angle_STD,PC4,0.15343499447110265,STD
Spine3_RightShoulder_RightArm_Angle_ZeroCross,PC4,0.03754492589677415,ZeroCross
Hips_LeftUpLeg_LeftLeg_Angle_CV,PC5,0.04611934377233583,CV
Hips_LeftUpLeg_LeftLeg_Angle_STD,PC5,0.028460639475949647,STD
Hips_LeftUpLeg_LeftLeg_Angle_ZeroCross,PC5,0.04486597653924147,ZeroCross
Hips_RightUpLeg_RightLeg_Angle_CV,PC5,0.056089065545758585,CV
Hips_RightUpLeg_RightLeg_Angle_STD,PC5,0.04168670126182384,STD
Hips_RightUpLeg_RightLeg_Angle_ZeroCross,PC5,0.047869203964642185,ZeroCross
Hips_Spine1_Spine3_Angle_CV,PC5,0.0939820368677338,CV
Hips_Spine1_Spine3_Angle_STD,PC5,0.009929937818301893,STD
Hips_Spine1_Spine3_Angle_ZeroCross,PC5,0.08410962455709589,ZeroCross
LeftShoulder_LeftArm_LeftForeArm_Angle_CV,PC5,0.12528528682132312,CV
LeftShoulder_LeftArm_LeftForeArm_Angle_STD,PC5,0.28849152112701754,STD
LeftShoulder_LeftArm_LeftForeArm_Angle_ZeroCross,PC5,0.011341768451854955,ZeroCross
LeftUpLeg_LeftLeg_LeftFoot_Angle_CV,PC5,0.24152037237930382,CV
LeftUpLeg_LeftLeg_LeftFoot_Angle_STD,PC5,0.07538400964481182,STD
LeftUpLeg_LeftLeg_LeftFoot_Angle_ZeroCross,PC5,0.02319229379160944,ZeroCross
RightShoulder_RightArm_RightForeArm_Angle_CV,PC5,0.2661003473776463,CV
RightShoulder_RightArm_RightForeArm_Angle_STD,PC5,0.4490786628470941,STD
RightShoulder_RightArm_RightForeArm_Angle_ZeroCross,PC5,0.029380927164101404,ZeroCross
RightUpLeg_RightLeg_RightFoot_Angle_CV,PC5,0.2909621178651829,CV
RightUpLeg_RightLeg_RightFoot_Angle_STD,PC5,0.22818260728834322,STD
RightUpLeg_RightLeg_RightFoot_Angle_ZeroCross,PC5,0.031655481809030515,ZeroCross
Spine1_Spine3_Head_Angle_CV,PC5,0.06827463746798296,CV
Spine1_Spine3_Head_Angle_STD,PC5,0.2640299935781653,STD
Spine1_Spine3_Head_Angle_ZeroCross,PC5,0.08112963581680481,ZeroCross
Spine3_LeftShoulder_LeftArm_Angle_CV,PC5,0.12205474946687889,CV
Spine3_LeftShoulder_LeftArm_Angle_STD,PC5,0.0493967941339053,STD
Spine3_LeftShoulder_LeftArm_Angle_ZeroCross,PC5,0.06225495274241966,ZeroCross
Spine3_RightShoulder_RightArm_Angle_CV,PC5,0.4626796657339086,CV
Spine3_RightShoulder_RightArm_Angle_STD,PC5,0.17625877822335423,STD
Spine3_RightShoulder_RightArm_Angle_ZeroCross,PC5,0.22334601504981355,ZeroCross
Hips_LeftUpLeg_LeftLeg_Angle_CV,PC6,0.12847586072230613,CV
Hips_LeftUpLeg_LeftLeg_Angle_STD,PC6,0.26357009655270497,STD
Hips_LeftUpLeg_LeftLeg_Angle_ZeroCross,PC6,0.24963792063869764,ZeroCross
Hips_RightUpLeg_RightLeg_Angle_CV,PC6,0.0028865728570728185,CV
Hips_RightUpLeg_RightLeg_Angle_STD,PC6,0.22975055678063347,STD
Hips_RightUpLeg_RightLeg_Angle_ZeroCross,PC6,0.10673502384324832,ZeroCross
Hips_Spine1_Spine3_Angle_CV,PC6,0.15462261903341265,CV
Hips_Spine1_Spine3_Angle_STD,PC6,0.08691973449610328,STD
Hips_Spine1_Spine3_Angle_ZeroCross,PC6,0.012621702685083511,ZeroCross
LeftShoulder_LeftArm_LeftForeArm_Angle_CV,PC6,0.34192172372351354,CV
LeftShoulder_LeftArm_LeftForeArm_Angle_STD,PC6,0.0024062760018188295,STD
LeftShoulder_LeftArm_LeftForeArm_Angle_ZeroCross,PC6,0.004973124742839698,ZeroCross
LeftUpLeg_LeftLeg_LeftFoot_Angle_CV,PC6,0.10301336661872101,CV
LeftUpLeg_LeftLeg_LeftFoot_Angle_STD,PC6,0.24912650539934716,STD
LeftUpLeg_LeftLeg_LeftFoot_Angle_ZeroCross,PC6,0.03631026492511436,ZeroCross
RightShoulder_RightArm_RightForeArm_Angle_CV,PC6,0.15075293382413582,CV
RightShoulder_RightArm_RightForeArm_Angle_STD,PC6,0.0007549787878943384,STD
RightShoulder_RightArm_RightForeArm_Angle_ZeroCross,PC6,0.06847925413275789,ZeroCross
RightUpLeg_RightLeg_RightFoot_Angle_CV,PC6,0.2488694144654772,CV
RightUpLeg_RightLeg_RightFoot_Angle_STD,PC6,0.4614898468097079,STD
RightUpLeg_RightLeg_RightFoot_Angle_ZeroCross,PC6,0.08486082692932544,ZeroCross
Spine1_Spine3_Head_Angle_CV,PC6,0.16153095044181556,CV
Spine1_Spine3_Head_Angle_STD,PC6,0.12990016531449514,STD
Spine1_Spine3_Head_Angle_ZeroCross,PC6,0.07175206509811424,ZeroCross
Spine3_LeftShoulder_LeftArm_Angle_CV,PC6,0.34790236204022823,CV
Spine3_LeftShoulder_LeftArm_Angle_STD,PC6,0.11090052839750876,STD
Spine3_LeftShoulder_LeftArm_Angle_ZeroCross,PC6,0.07914705249617532,ZeroCross
Spine3_RightShoulder_RightArm_Angle_CV,PC6,0.24156491778109115,CV
Spine3_RightShoulder_RightArm_Angle_STD,PC6,0.0793745305221833,STD
Spine3_RightShoulder_RightArm_Angle_ZeroCross,PC6,0.055384877820472314,ZeroCross
Hips_LeftUpLeg_LeftLeg_Angle_CV,PC7,0.21332494748592498,CV
Hips_LeftUpLeg_LeftLeg_Angle_STD,PC7,0.05138908564579941,STD
Hips_LeftUpLeg_LeftLeg_Angle_ZeroCross,PC7,0.21476390477235435,ZeroCross
Hips_RightUpLeg_RightLeg_Angle_CV,PC7,0.21327802941906426,CV
Hips_RightUpLeg_RightLeg_Angle_STD,PC7,0.19963649251402488,STD
Hips_RightUpLeg_RightLeg_Angle_ZeroCross,PC7,0.08498581721736463,ZeroCross
Hips_Spine1_Spine3_Angle_CV,PC7,0.06282683985350061,CV
Hips_Spine1_Spine3_Angle_STD,PC7,0.029472825885813292,STD
Hips_Spine1_Spine3_Angle_ZeroCross,PC7,0.08326162944190241,ZeroCross
LeftShoulder_LeftArm_LeftForeArm_Angle_CV,PC7,0.21297996993930288,CV
LeftShoulder_LeftArm_LeftForeArm_Angle_STD,PC7,0.009615227385944843,STD
LeftShoulder_LeftArm_LeftForeArm_Angle_ZeroCross,PC7,0.4262313552154203,ZeroCross
LeftUpLeg_LeftLeg_LeftFoot_Angle_CV,PC7,0.1675057753292292,CV
LeftUpLeg_LeftLeg_LeftFoot_Angle_STD,PC7,0.22983734724942273,STD
LeftUpLeg_LeftLeg_LeftFoot_Angle_ZeroCross,PC7,0.07181468098390698,ZeroCross
RightShoulder_RightArm_RightForeArm_Angle_CV,PC7,0.08807303182509904,CV
RightShoulder_RightArm_RightForeArm_Angle_STD,PC7,0.13985716494085712,STD
RightShoulder_RightArm_RightForeArm_Angle_ZeroCross,PC7,0.2577657087309222,ZeroCross
RightUpLeg_RightLeg_RightFoot_Angle_CV,PC7,0.3729494861365214,CV
RightUpLeg_RightLeg_RightFoot_Angle_STD,PC7,0.10722352299116249,STD
RightUpLeg_RightLeg_RightFoot_Angle_ZeroCross,PC7,0.29541459338563,ZeroCross
Spine1_Spine3_Head_Angle_CV,PC7,0.028162126680223974,CV
Spine1_Spine3_Head_Angle_STD,PC7,0.26543224735950244,STD
Spine1_Spine3_Head_Angle_ZeroCross,PC7,0.005136730463087678,ZeroCross
Spine3_LeftShoulder_LeftArm_Angle_CV,PC7,0.1756790376332967,CV
Spine3_LeftShoulder_LeftArm_Angle_STD,PC7,0.00643258365005008,STD
Spine3_LeftShoulder_LeftArm_Angle_ZeroCross,PC7,0.23199803425145055,ZeroCross
Spine3_RightShoulder_RightArm_Angle_CV,PC7,0.008338108923216887,CV
Spine3_RightShoulder_RightArm_Angle_STD,PC7,0.012710213628624725,STD
Spine3_RightShoulder_RightArm_Angle_ZeroCross,PC7,0.01994009599705735,ZeroCross
Hips_LeftUpLeg_LeftLeg_Angle_CV,PC8,0.385551931694515,CV
Hips_LeftUpLeg_LeftLeg_Angle_STD,PC8,0.01737158437164021,STD
Hips_LeftUpLeg_LeftLeg_Angle_ZeroCross,PC8,0.16192311627859646,ZeroCross
Hips_RightUpLeg_RightLeg_Angle_CV,PC8,0.1673511923060227,CV
Hips_RightUpLeg_RightLeg_Angle_STD,PC8,0.08020420653600625,STD
Hips_RightUpLeg_RightLeg_Angle_ZeroCross,PC8,0.09076228300673764,ZeroCross
Hips_Spine1_Spine3_Angle_CV,PC8,0.12133455750184051,CV
Hips_Spine1_Spine3_Angle_STD,PC8,0.45810163895393774,STD
Hips_Spine1_Spine3_Angle_ZeroCross,PC8,0.14697838501247693,ZeroCross
LeftShoulder_LeftArm_LeftForeArm_Angle_CV,PC8,0.24538857155245186,CV
LeftShoulder_LeftArm_LeftForeArm_Angle_STD,PC8,0.12306257468166852,STD
LeftShoulder_LeftArm_LeftForeArm_Angle_ZeroCross,PC8,0.21385510992446405,ZeroCross
LeftUpLeg_LeftLeg_LeftFoot_Angle_CV,PC8,0.11104699855168153,CV
LeftUpLeg_LeftLeg_LeftFoot_Angle_STD,PC8,0.12105792268814938,STD
LeftUpLeg_LeftLeg_LeftFoot_Angle_ZeroCross,PC8,0.31953882788377236,ZeroCross
RightShoulder_RightArm_RightForeArm_Angle_CV,PC8,0.13012337136388516,CV
RightShoulder_RightArm_RightForeArm_Angle_STD,PC8,0.02884395052248573,STD
RightShoulder_RightArm_RightForeArm_Angle_ZeroCross,PC8,0.12648198953532414,ZeroCross
RightUpLeg_RightLeg_RightFoot_Angle_CV,PC8,0.10157777755520891,CV
RightUpLeg_RightLeg_RightFoot_Angle_STD,PC8,0.06276218389334827,STD
RightUpLeg_RightLeg_RightFoot_Angle_ZeroCross,PC8,0.3129946998173633,ZeroCross
Spine1_Spine3_Head_Angle_CV,PC8,0.03210257640706582,CV
Spine1_Spine3_Head_Angle_STD,PC8,0.1343377892951682,STD
Spine1_Spine3_Head_Angle_ZeroCross,PC8,0.13531786757939315,ZeroCross
Spine3_LeftShoulder_LeftArm_Angle_CV,PC8,0.015086289877030397,CV
Spine3_LeftShoulder_LeftArm_Angle_STD,PC8,0.05925236337610545,STD
Spine3_LeftShoulder_LeftArm_Angle_ZeroCross,PC8,0.2962201730252296,ZeroCross
Spine3_RightShoulder_RightArm_Angle_CV,PC8,0.03963196861164511,CV
Spine3_RightShoulder_RightArm_Angle_STD,PC8,0.07102339172727531,STD
Spine3_RightShoulder_RightArm_Angle_ZeroCross,PC8,0.06566612394994767,ZeroCross
Hips_LeftUpLeg_LeftLeg_Angle_CV,PC9,0.09817228069363963,CV
Hips_LeftUpLeg_LeftLeg_Angle_STD,PC9,0.17026071222079375,STD
Hips_LeftUpLeg_LeftLeg_Angle_ZeroCross,PC9,0.11382574047288248,ZeroCross
Hips_RightUpLeg_RightLeg_Angle_CV,PC9,0.1881598132820617,CV
Hips_RightUpLeg_RightLeg_Angle_STD,PC9,0.12065920743784252,STD
Hips_RightUpLeg_RightLeg_Angle_ZeroCross,PC9,0.008999210616084106,ZeroCross
Hips_Spine1_Spine3_Angle_CV,PC9,0.19208728219005852,CV
Hips_Spine1_Spine3_Angle_STD,PC9,0.21408891657363804,STD
Hips_Spine1_Spine3_Angle_ZeroCross,PC9,0.07064070684706689,ZeroCross
LeftShoulder_LeftArm_LeftForeArm_Angle_CV,PC9,0.27070913531231555,CV
LeftShoulder_LeftArm_LeftForeArm_Angle_STD,PC9,0.1845419003237184,STD
LeftShoulder_LeftArm_LeftForeArm_Angle_ZeroCross,PC9,0.08507349467933702,ZeroCross
LeftUpLeg_LeftLeg_LeftFoot_Angle_CV,PC9,0.20139024971308572,CV
LeftUpLeg_LeftLeg_LeftFoot_Angle_STD,PC9,0.03865163349548081,STD
LeftUpLeg_LeftLeg_LeftFoot_Angle_ZeroCross,PC9,0.3647750902237228,ZeroCross
RightShoulder_RightArm_RightForeArm_Angle_CV,PC9,0.03690942275180654,CV
RightShoulder_RightArm_RightForeArm_Angle_STD,PC9,0.42787469724516985,STD
RightShoulder_RightArm_RightForeArm_Angle_ZeroCross,PC9,0.02185408844281636,ZeroCross
RightUpLeg_RightLeg_RightFoot_Angle_CV,PC9,0.034203279582259966,CV
RightUpLeg_RightLeg_RightFoot_Angle_STD,PC9,0.15020541979335958,STD
RightUpLeg_RightLeg_RightFoot_Angle_ZeroCross,PC9,0.07222889966053382,ZeroCross
Spine1_Spine3_Head_Angle_CV,PC9,0.3396909525753047,CV
Spine1_Spine3_Head_Angle_STD,PC9,0.30329947134175944,STD
Spine1_Spine3_Head_Angle_ZeroCross,PC9,0.08389549760191067,ZeroCross
Spine3_LeftShoulder_LeftArm_Angle_CV,PC9,0.15833810811486582,CV
Spine3_LeftShoulder_LeftArm_Angle_STD,PC9,0.030485383428694432,STD
Spine3_LeftShoulder_LeftArm_Angle_ZeroCross,PC9,0.039092184908519026,ZeroCross
Spine3_RightShoulder_RightArm_Angle_CV,PC9,0.019030160919258177,CV
Spine3_RightShoulder_RightArm_Angle_STD,PC9,0.2428530163831499,STD
Spine3_RightShoulder_RightArm_Angle_ZeroCross,PC9,0.07622223588159903,ZeroCross
Hips_LeftUpLeg_LeftLeg_Angle_CV,PC10,0.06745739584783049,CV
Hips_LeftUpLeg_LeftLeg_Angle_STD,PC10,0.142377077773928,STD
Hips_LeftUpLeg_LeftLeg_Angle_ZeroCross,PC10,0.06026238519970699,ZeroCross
Hips_RightUpLeg_RightLeg_Angle_CV,PC10,0.14012497192709586,CV
Hips_RightUpLeg_RightLeg_Angle_STD,PC10,0.1555720267177556,STD
Hips_RightUpLeg_RightLeg_Angle_ZeroCross,PC10,0.06135556020686683,ZeroCross
Hips_Spine1_Spine3_Angle_CV,PC10,0.1802686511363031,CV
Hips_Spine1_Spine3_Angle_STD,PC10,0.2187028936733034,STD
Hips_Spine1_Spine3_Angle_ZeroCross,PC10,0.47834252439787683,ZeroCross
LeftShoulder_LeftArm_LeftForeArm_Angle_CV,PC10,0.332355710014437,CV
LeftShoulder_LeftArm_LeftForeArm_Angle_STD,PC10,0.05882080422108345,STD
LeftShoulder_LeftArm_LeftForeArm_Angle_ZeroCross,PC10,0.20679547116175717,ZeroCross
LeftUpLeg_LeftLeg_LeftFoot_Angle_CV,PC10,0.11547279164353584,CV
LeftUpLeg_LeftLeg_LeftFoot_Angle_STD,PC10,0.21265263412057,STD
LeftUpLeg_LeftLeg_LeftFoot_Angle_ZeroCross,PC10,0.049256873910744126,ZeroCross
RightShoulder_RightArm_RightForeArm_Angle_CV,PC10,0.24390066009547837,CV
RightShoulder_RightArm_RightForeArm_Angle_STD,PC10,0.07632185397920808,STD
RightShoulder_RightArm_RightForeArm_Angle_ZeroCross,PC10,0.1282319108798864,ZeroCross
RightUpLeg_RightLeg_RightFoot_Angle_CV,PC10,0.3597167167030415,CV
RightUpLeg_RightLeg_RightFoot_Angle_STD,PC10,0.09828881109304374,STD
RightUpLeg_RightLeg_RightFoot_Angle_ZeroCross,PC10,0.012337220436955725,ZeroCross
Spine1_Spine3_Head_Angle_CV,PC10,0.22008188667381529,CV
Spine1_Spine3_Head_Angle_STD,PC10,0.04089722956229895,STD
Spine1_Spine3_Head_Angle_ZeroCross,PC10,0.2275268546012927,ZeroCross
Spine3_LeftShoulder_LeftArm_Angle_CV,PC10,0.1255900354306841,CV
Spine3_LeftShoulder_LeftArm_Angle_STD,PC10,0.0281532620014544,STD
Spine3_LeftShoulder_LeftArm_Angle_ZeroCross,PC10,0.15657865599153567,ZeroCross
Spine3_RightShoulder_RightArm_Angle_CV,PC10,0.08371749458282791,CV
Spine3_RightShoulder_RightArm_Angle_STD,PC10,0.012669477080976169,STD
Spine3_RightShoulder_RightArm_Angle_ZeroCross,PC10,0.16138697124361243,ZeroCross
Hips_LeftUpLeg_LeftLeg_Angle_CV,PC11,0.10728293763788747,CV
Hips_LeftUpLeg_LeftLeg_Angle_STD,PC11,0.0701103703460508,STD
Hips_LeftUpLeg_LeftLeg_Angle_ZeroCross,PC11,0.12904839250553196,ZeroCross
Hips_RightUpLeg_RightLeg_Angle_CV,PC11,0.12848188006752875,CV
Hips_RightUpLeg_RightLeg_Angle_STD,PC11,0.26529573737424905,STD
Hips_RightUpLeg_RightLeg_Angle_ZeroCross,PC11,0.07757833705181949,ZeroCross
Hips_Spine1_Spine3_Angle_CV,PC11,0.18710801450233705,CV
Hips_Spine1_Spine3_Angle_STD,PC11,0.28535008373909576,STD
Hips_Spine1_Spine3_Angle_ZeroCross,PC11,0.042909966804932545,ZeroCross
LeftShoulder_LeftArm_LeftForeArm_Angle_CV,PC11,0.10071207223131531,CV
LeftShoulder_LeftArm_LeftForeArm_Angle_STD,PC11,0.12349046163522584,STD
LeftShoulder_LeftArm_LeftForeArm_Angle_ZeroCross,PC11,0.2043049787899842,ZeroCross
LeftUpLeg_LeftLeg_LeftFoot_Angle_CV,PC11,0.14811344191696552,CV
LeftUpLeg_LeftLeg_LeftFoot_Angle_STD,PC11,0.1354019699317378,STD
LeftUpLeg_LeftLeg_LeftFoot_Angle_ZeroCross,PC11,0.1823298260758986,ZeroCross
RightShoulder_RightArm_RightForeArm_Angle_CV,PC11,0.3000682009621202,CV
RightShoulder_RightArm_RightForeArm_Angle_STD,PC11,0.12525146319376032,STD
RightShoulder_RightArm_RightForeArm_Angle_ZeroCross,PC11,0.3913459719530293,ZeroCross
RightUpLeg_RightLeg_RightFoot_Angle_CV,PC11,0.08627607329083398,CV
RightUpLeg_RightLeg_RightFoot_Angle_STD,PC11,0.004898604592203202,STD
RightUpLeg_RightLeg_RightFoot_Angle_ZeroCross,PC11,0.01651169993458873,ZeroCross
Spine1_Spine3_Head_Angle_CV,PC11,0.041487979167860574,CV
Spine1_Spine3_Head_Angle_STD,PC11,0.19412383259790564,STD
Spine1_Spine3_Head_Angle_ZeroCross,PC11,0.2430801657529497,ZeroCross
Spine3_LeftShoulder_LeftArm_Angle_CV,PC11,0.28556659851254734,CV
Spine3_LeftShoulder_LeftArm_Angle_STD,PC11,0.01535592566283837,STD
Spine3_LeftShoulder_LeftArm_Angle_ZeroCross,PC11,0.24485663789121984,ZeroCross
Spine3_RightShoulder_RightArm_Angle_CV,PC11,0.04237512859211979,CV
Spine3_RightShoulder_RightArm_Angle_STD,PC11,0.013755401140900094,STD
Spine3_RightShoulder_RightArm_Angle_ZeroCross,PC11,0.3259627935124833,ZeroCross
Hips_LeftUpLeg_LeftLeg_Angle_CV,PC12,0.021567107193890173,CV
Hips_LeftUpLeg_LeftLeg_Angle_STD,PC12,0.0817606824141665,STD
Hips_LeftUpLeg_LeftLeg_Angle_ZeroCross,PC12,0.3135330885775918,ZeroCross
Hips_RightUpLeg_RightLeg_Angle_CV,PC12,0.19330827071921045,CV
Hips_RightUpLeg_RightLeg_Angle_STD,PC12,0.24599374083036785,STD
Hips_RightUpLeg_RightLeg_Angle_ZeroCross,PC12,0.20134449366477758,ZeroCross
Hips_Spine1_Spine3_Angle_CV,PC12,0.011446809252145383,CV
Hips_Spine1_Spine3_Angle_STD,PC12,0.03227840692598302,STD
Hips_Spine1_Spine3_Angle_ZeroCross,PC12,0.2585058197164998,ZeroCross
LeftShoulder_LeftArm_LeftForeArm_Angle_CV,PC12,0.10735126457168377,CV
LeftShoulder_LeftArm_LeftForeArm_Angle_STD,PC12,0.2021518206905003,STD
LeftShoulder_LeftArm_LeftForeArm_Angle_ZeroCross,PC12,0.0827779480795818,ZeroCross
LeftUpLeg_LeftLeg_LeftFoot_Angle_CV,PC12,0.18081742164148035,CV
LeftUpLeg_LeftLeg_LeftFoot_Angle_STD,PC12,0.20435561542203895,STD
LeftUpLeg_LeftLeg_LeftFoot_Angle_ZeroCross,PC12,0.21512987483211723,ZeroCross
RightShoulder_RightArm_RightForeArm_Angle_CV,PC12,0.08171613366595402,CV
RightShoulder_RightArm_RightForeArm_Angle_STD,PC12,0.041413077699813075,STD
RightShoulder_RightArm_RightForeArm_Angle_ZeroCross,PC12,0.11797168474574314,ZeroCross
RightUpLeg_RightLeg_RightFoot_Angle_CV,PC12,0.19056534277555134,CV
RightUpLeg_RightLeg_RightFoot_Angle_STD,PC12,0.07637872926810398,STD
RightUpLeg_RightLeg_RightFoot_Angle_ZeroCross,PC12,0.3929088799874845,ZeroCross
Spine1_Spine3_Head_Angle_CV,PC12,0.124232751318989,CV
Spine1_Spine3_Head_Angle_STD,PC12,0.29384630011146873,STD
Spine1_Spine3_Head_Angle_ZeroCross,PC12,0.08687090377890197,ZeroCross
Spine3_LeftShoulder_LeftArm_Angle_CV,PC12,0.02636519887241989,CV
Spine3_LeftShoulder_LeftArm_Angle_STD,PC12,0.06891003752692963,STD
Spine3_LeftShoulder_LeftArm_Angle_ZeroCross,PC12,0.019055947105942647,ZeroCross
Spine3_RightShoulder_RightArm_Angle_CV,PC12,0.15022319959349612,CV
Spine3_RightShoulder_RightArm_Angle_STD,PC12,0.006844287296798192,STD
Spine3_RightShoulder_RightArm_Angle_ZeroCross,PC12,0.38931552701212235,ZeroCross
Hips_LeftUpLeg_LeftLeg_Angle_CV,PC13,0.18438465936085957,CV
Hips_LeftUpLeg_LeftLeg_Angle_STD,PC13,0.18328376854345552,STD
Hips_LeftUpLeg_LeftLeg_Angle_ZeroCross,PC13,0.09125711178742325,ZeroCross
Hips_RightUpLeg_RightLeg_Angle_CV,PC13,0.05029020034894495,CV
Hips_RightUpLeg_RightLeg_Angle_STD,PC13,0.1152369041899587,STD
Hips_RightUpLeg_RightLeg_Angle_ZeroCross,PC13,0.2652456030446104,ZeroCross
Hips_Spine1_Spine3_Angle_CV,PC13,0.19041995978831253,CV
Hips_Spine1_Spine3_Angle_STD,PC13,0.13721830178712355,STD
Hips_Spine1_Spine3_Angle_ZeroCross,PC13,0.3214065328218999,ZeroCross
LeftShoulder_LeftArm_LeftForeArm_Angle_CV,PC13,0.004693191760105131,CV
LeftShoulder_LeftArm_LeftForeArm_Angle_STD,PC13,0.10132683056485232,STD
LeftShoulder_LeftArm_LeftForeArm_Angle_ZeroCross,PC13,0.19806984453558743,ZeroCross
LeftUpLeg_LeftLeg_LeftFoot_Angle_CV,PC13,0.016542063573837376,CV
LeftUpLeg_LeftLeg_LeftFoot_Angle_STD,PC13,0.09233394705992527,STD
LeftUpLeg_LeftLeg_LeftFoot_Angle_ZeroCross,PC13,0.27293954779342966,ZeroCross
RightShoulder_RightArm_RightForeArm_Angle_CV,PC13,0.15015028464657484,CV
RightShoulder_RightArm_RightForeArm_Angle_STD,PC13,0.0949042914809407,STD
RightShoulder_RightArm_RightForeArm_Angle_ZeroCross,PC13,0.004482663043431381,ZeroCross
RightUpLeg_RightLeg_RightFoot_Angle_CV,PC13,0.022151662669420737,CV
RightUpLeg_RightLeg_RightFoot_Angle_STD,PC13,0.2023508017660028,STD
RightUpLeg_RightLeg_RightFoot_Angle_ZeroCross,PC13,0.3055487497264113,ZeroCross
Spine1_Spine3_Head_Angle_CV,PC13,0.1794171736025013,CV
Spine1_Spine3_Head_Angle_STD,PC13,0.08432540423913004,STD
Spine1_Spine3_Head_Angle_ZeroCross,PC13,0.251017790581247,ZeroCross
Spine3_LeftShoulder_LeftArm_Angle_CV,PC13,0.2908865263879686,CV
Spine3_LeftShoulder_LeftArm_Angle_STD,PC13,0.17890869169924434,STD
Spine3_LeftShoulder_LeftArm_Angle_ZeroCross,PC13,0.0758140381688267,ZeroCross
Spine3_RightShoulder_RightArm_Angle_CV,PC13,0.3185816524910704,CV
Spine3_RightShoulder_RightArm_Angle_STD,PC13,0.18909533525710037,STD
Spine3_RightShoulder_RightArm_Angle_ZeroCross,PC13,0.13567835300716197,ZeroCross
Hips_LeftUpLeg_LeftLeg_Angle_CV,PC14,0.13700035466766547,CV
Hips_LeftUpLeg_LeftLeg_Angle_STD,PC14,0.07924190700719605,STD
Hips_LeftUpLeg_LeftLeg_Angle_ZeroCross,PC14,0.38509273404346467,ZeroCross
Hips_RightUpLeg_RightLeg_Angle_CV,PC14,0.24447956519416122,CV
Hips_RightUpLeg_RightLeg_Angle_STD,PC14,0.010944620435006195,STD
Hips_RightUpLeg_RightLeg_Angle_ZeroCross,PC14,0.059657119569691455,ZeroCross
Hips_Spine1_Spine3_Angle_CV,PC14,0.3745791544175962,CV
Hips_Spine1_Spine3_Angle_STD,PC14,0.18521841676402168,STD
Hips_Spine1_Spine3_Angle_ZeroCross,PC14,0.18573464460862668,ZeroCross
LeftShoulder_LeftArm_LeftForeArm_Angle_CV,PC14,0.06654270842531486,CV
LeftShoulder_LeftArm_LeftForeArm_Angle_STD,PC14,0.5256175314247464,STD
LeftShoulder_LeftArm_LeftForeArm_Angle_ZeroCross,PC14,0.24720046167245785,ZeroCross
LeftUpLeg_LeftLeg_LeftFoot_Angle_CV,PC14,0.11737670267328257,CV
LeftUpLeg_LeftLeg_LeftFoot_Angle_STD,PC14,0.09621600635093076,STD
LeftUpLeg_LeftLeg_LeftFoot_Angle_ZeroCross,PC14,0.0032278076073299798,ZeroCross
RightShoulder_RightArm_RightForeArm_Angle_CV,PC14,0.13771683686499428,CV
RightShoulder_RightArm_RightForeArm_Angle_STD,PC14,0.03098725086874142,STD
RightShoulder_RightArm_RightForeArm_Angle_ZeroCross,PC14,0.2025158417774676,ZeroCross
RightUpLeg_RightLeg_RightFoot_Angle_CV,PC14,0.03066674702607518,CV
RightUpLeg_RightLeg_RightFoot_Angle_STD,PC14,0.1442549422285687,STD
RightUpLeg_RightLeg_RightFoot_Angle_ZeroCross,PC14,0.028149644851670326,ZeroCross
Spine1_Spine3_Head_Angle_CV,PC14,0.0502654540419732,CV
Spine1_Spine3_Head_Angle_STD,PC14,0.031562627790299995,STD
Spine1_Spine3_Head_Angle_ZeroCross,PC14,0.09074584206811075,ZeroCross
Spine3_LeftShoulder_LeftArm_Angle_CV,PC14,0.09217159513174615,CV
Spine3_LeftShoulder_LeftArm_Angle_STD,PC14,0.07067771765312751,STD
Spine3_LeftShoulder_LeftArm_Angle_ZeroCross,PC14,0.05262033642163581,ZeroCross
Spine3_RightShoulder_RightArm_Angle_CV,PC14,0.2096671088575288,CV
Spine3_RightShoulder_RightArm_Angle_STD,PC14,0.15613486668023668,STD
Spine3_RightShoulder_RightArm_Angle_ZeroCross,PC14,0.09696087351496105,ZeroCross
